{
    "Hyperparameters": {
        "WINDOW_SIZE": 5,
        "EPOCHS": 200,
        "BATCH_SIZE": 32,
        "LR": 0.005,
        "QNN_LAYERS": 5,
        "LATENT_DIM": 6
    },
    "Results": [
        {
            "Model": "Classical LSTM",
            "MSE": 5.6330569267769416e-05,
            "RMSE": 0.007505369362514374,
            "MAE": 0.00565387904357634,
            "R2_Score": 0.3434515226634713,
            "MAPE_Percent": 3.251842995072106,
            "Accuracy_within_10_Percent_Margin": 94.8298745173745
        },
        {
            "Model": "Champion Hybrid QNN",
            "MSE": 9.001063302280056e-05,
            "RMSE": 0.009487393373461467,
            "MAE": 0.007161168714087178,
            "R2_Score": -0.01675599158342405,
            "MAPE_Percent": 4.019928674387732,
            "Accuracy_within_10_Percent_Margin": 92.4831081081081
        },
        {
            "6_Day_Forecast_Breakdown": {
                "Day_1_RMSE": 0.008837558359661447,
                "Day_1_MAPE": "3.65%",
                "Day_1_Acc": "100.00%",
                "Day_2_RMSE": 0.008207454276055627,
                "Day_2_MAPE": "3.59%",
                "Day_2_Acc": "100.00%",
                "Day_3_RMSE": 0.007748156769303893,
                "Day_3_MAPE": "3.24%",
                "Day_3_Acc": "100.00%",
                "Day_4_RMSE": 0.013218897633413102,
                "Day_4_MAPE": "5.61%",
                "Day_4_Acc": "82.59%",
                "Day_5_RMSE": 0.013020419453502938,
                "Day_5_MAPE": "5.59%",
                "Day_5_Acc": "92.86%",
                "Day_6_RMSE": 0.01661985825962033,
                "Day_6_MAPE": "7.14%",
                "Day_6_Acc": "66.52%"
            }
        },
        {
            "Model": "QSVR (Quantum Support Vector Regressor)",
            "MSE": 0.0005432425184461439,
            "RMSE": 0.023307563545899513,
            "MAE": 0.018662670717070846,
            "R2_Score": -4.095100888504256,
            "MAPE_Percent": 10.014224273381556,
            "Accuracy_within_10_Percent_Margin": 57.2574806949807
        }
    ]
}